id,url,title,text
1,https://simple.wikipedia.org/wiki/April,April,"April is the fourth month of the year in the Julian and Gregorian calendars, and comes between March and May. It is one of four months to have 30 days.

April always begins on the same day of week as July, and additionally, January in leap years. April always ends on the same day of the week as December.

April's flowers are the Sweet Pea and Daisy. Its birthstone is the diamond. The meaning of the diamond is innocence.

The Month 

April comes between March and May, making it the fourth month of the year. It also comes first in the year out of the four months that have 30 days, as June, September and November are later in the year."
